0,1,2,3,y
1.241044932497182,1.501313695168315,-1.208647168908638,-1.535584574478673,0
0.4613654513842904,-1.1156396639846864,1.550775868781427,-0.446997366566827,0
-0.9833723840610431,1.6592231847600702,0.07364602958106399,-2.0498468502818263,0
0.5579726565039564,0.7455202291629583,-0.2600515863435618,0.8294697052788303,0
0.8312726277362005,1.567784905349496,-1.169818514532136,-1.579469063682559,0
0.6284650047781077,-1.290783059770182,1.447810597800882,0.14049291230303157,0
0.9032217231269042,0.9368437814538193,-0.4422434908581609,-0.5328288399324848,0
0.8989580730296772,1.196389128085581,-1.1880541147125288,-0.11253555867186839,0
0.3192082510592504,-1.0498822842375652,1.5220703992959417,-0.28666882433187946,0
0.6050504596608367,0.7349657363164962,-0.48125704358883653,-0.5265803861716665,0
0.4087804335184921,0.501441208602502,-0.029735262696372187,0.593337247023687,0
0.8717062428249022,-0.17802678803909905,0.18155733153575873,1.4576669650835075,0
0.6924908170714651,1.3669606099005476,-1.0494265736707085,-0.8134280076566693,0
0.9420209390116691,1.1858516312018346,-1.0181325272267898,0.08537089385488345,0
0.7554862472579923,-1.047417869643786,1.0356952786417124,0.5914578671328361,0
1.7677478411746113,1.4260555722631063,-1.2916203053441386,-1.2380806752620426,0
-0.23453685835984042,1.0669648720053724,0.08790631514671975,-1.328271534972457,0
0.4640657631125341,-0.3281997154026587,0.850126667934014,1.1795865539140713,0
1.2822602167703752,0.6671008571926258,-0.8028646183799218,0.5664044738095184,0
0.8390537891636395,-0.20018272503531176,-0.03745476898312907,1.1413692669583693,0
-0.1050498049070596,1.0521953804054116,-0.09944194221990167,-1.0645770987407186,0
1.0450591496946522,0.25702226878773127,-0.1374685999851746,0.6753896168047009,0
0.9307933270889716,-0.864524314859922,0.8380620503241724,0.9541094046380348,0
1.6136879509948128,1.1211310051803722,-0.9353442891454626,-0.06744012881666112,0
1.1015525134829087,-0.08763885912435646,0.11383830931959779,1.5973610786199393,0
1.048718782694772,-0.10312218115837746,0.14691200242243949,1.564181304773734,0
-0.23083814190049606,1.2688429171426958,-1.203886036288662,-2.7450720970184435,0
0.7485578158499986,-1.1399098987427347,1.1252091943561122,0.3521944007296363,0
1.3228004231115076,-0.3739188551079457,-0.29352049967845006,0.6885404322780508,0
-0.08304226432187344,-0.37673338653366895,1.4381034342067565,0.9941963839593769,0
1.4967928774958421,1.0001537425698768,-0.908025557316281,-0.046176010979458074,0
1.2385578032737994,-0.05845679114146506,0.0700636239689463,0.9885582442868248,0
0.36038800491496675,-0.31272489134999554,0.6180330088573286,0.8401162954852477,0
0.9630904765754653,-1.1771820449783088,1.1774892039987594,0.831973930545763,0
0.2780995580384877,-0.14602169064912657,0.9828143493480005,0.497507278888199,0
0.07086839810452211,0.9087154631593026,-0.2669829633956528,0.35344893524440524,0
-0.2856189395663663,0.40121601646790067,0.3720719732176068,0.37349242490507634,0
0.24853825069771454,-0.15657278430304558,0.9131076698244709,0.2776585817595042,0
-0.14010233826888618,0.7458771443799884,0.06433177498955789,0.204377297304141,0
0.6855268552459944,1.4816153743807954,-1.0430938050402552,-0.9969581727709338,0
-1.116504858346953,1.7749316989286927,-0.1913341130148622,-3.586869600190997,0
0.2775666017763343,1.1935847942374873,-0.8593048409914797,0.16304062723063523,0
0.8991712555345388,1.2245344423428135,-1.0185254362294092,0.05094142925651463,0
-0.5552663838819859,1.524870099492303,0.13621101017462975,-2.1832440724313873,0
1.5573011784589872,-0.1618483311300051,0.030657162235651247,1.1288723594367331,0
0.8557886157952551,1.2603959236729827,-1.190411568728245,-0.02985253099964627,0
1.5577630738861865,1.020548897828741,-0.9137574062956694,-0.038038489802578596,0
-0.08977883147549194,1.2533765910713903,-1.208647168908638,-2.2665567892422964,0
0.22089558590069347,1.123952334991182,-0.6713787762680652,-0.24598121844748186,0
0.6570669908470049,1.2378932690373694,-1.0969454506933798,-0.0755776499935406,0
1.7208476901051155,0.25525468866529644,-0.6648379969891665,1.1188457708437922,0
0.7826670166278138,-1.1166934136730609,1.1210489813872013,0.555130131969456,0
1.7168682833477036,-0.27474231387290426,-0.3196605044997736,1.1075598039734769,0
0.5302234004545048,1.0894845226037015,-0.35312826221994836,-0.540336671970677,0
0.7190675693441791,-0.06161804020658899,0.0480838321165336,0.7543090409326164,0
1.0001842324213392,-1.0565616975848433,0.5311076701013623,0.4805977036331476,0
-0.04059407456223201,-1.0555079478964686,0.708933662228032,0.07472430364846608,0
1.2073976271465663,1.404946586570182,-1.3345860603952797,-1.8274697090731726,0
0.6152832198941812,-0.43581815131859836,0.8315212710452736,0.22442078696481213,0
1.4162454210757305,-0.6978279125441392,0.04630418545761064,0.9941963839593769,0
0.5829860704076876,0.827814680632475,-0.23589230514132528,-0.518442864994787,0
0.9572634881092552,-0.9967699007509401,0.7085407532254128,1.0330288287659504,0
-0.13910606536283418,0.9002684696895897,-0.8224638439223465,-0.9724971716142427,0
1.2981778438000222,-0.21847038091742663,0.03759085051716944,0.9973302983649968,0
-0.0826620888548707,1.3054182289069254,-0.3695652636601154,-0.34677991826347154,0
0.31370103635033225,-0.12280350598318135,0.9596558304877297,0.35344893524440524,0
0.0776049652581406,1.3434042055765596,-0.4143215281484871,-0.2522296722083,0
1.0354304065584148,-1.0301839634500456,1.0445935119363274,0.6421904679080748,0
1.3945363359973502,1.345511704953309,-1.2630997342128274,-0.9781643738624267,0
0.9086578770008685,0.6896035118282391,-0.8632570433119451,0.23130861738952802,0
0.38803066971198785,1.2614496733613574,-0.8727793085518968,0.19748946687942517,0
0.9636589632550955,0.19301547320032944,-0.20974998909057452,0.9403289000259979,0
1.7120361465708462,0.37871336183228715,-0.7076188536861335,1.0430408860710754,0
1.746358529853523,0.34001355472859257,-0.7485969514299061,1.0762690975433333,0
1.5187862059140373,1.4038928368818073,-1.26032625890022,-1.3151449383121334,0
1.2821180951004676,-0.3264406332615817,-0.2428236821934163,0.8019086960547562,0
0.02700609772930041,-0.8529330682878008,0.36634012423821843,0.0766133710645274,0
1.2428214533710265,-0.8575049822583296,0.38434460147589405,1.079998794749403,0
0.4577058183841707,-0.3573902813669079,0.620806484169936,0.07347461289630243,0
0.1314868433618455,1.257948505041919,-0.8444436357747592,-1.4716953457149584,0
0.11886999211580158,0.8306360104432846,-0.6117721693412805,0.04154452980226098,0
-0.20090731821796326,1.1984966274623303,-0.12915048527677994,-1.4936375903169012,0
1.6804496054338904,0.37483828233310296,-0.8060310026951485,0.7511751265269967,0
1.46584588387347,-1.0555079478964686,0.38654026943170805,0.5557564789119455,0
0.2444522526878721,1.047980381651913,-0.09509683089681695,-0.8240842853882971,0
1.0742296224431795,0.8693188215842634,-0.5919649331504102,0.19936884677027591,0
0.7547756389084546,0.29886632899383414,-0.20579085308182762,0.3565780058874196,0
-0.20019670986842544,0.870015656055608,-0.135092656134041,0.22943408126128254,0
1.2645660688668836,-0.9091897048768344,0.47445943684135866,0.6835319817441857,0
1.0044123521010893,0.8798733144307257,-0.5893763561919768,0.6672472518652162,0
-0.16595213820002333,0.921020540165484,-0.16638208011910544,0.18683803291040252,0
-0.25634898164890363,1.09334260614017,-1.072007285174186,-0.670633886052855,0
0.4729838978992337,-1.3917220823388434,1.535937775858978,0.11857004275150976,0
0.0185534114115481,1.4394143989576622,-0.6012560754476447,-1.3915310745974847,0
-0.0383165748019633,0.86369315792536,-0.1865799140831679,0.28392156680813824,0
1.314273122917054,-0.9236192772224806,0.5370475297291962,1.3430635418424544,0
1.8969009087031092,0.6498669509988856,-0.9044662639984349,0.5263184632406973,0
1.2267617046714718,-1.1124784149195623,0.4370406324154322,0.293318466262392,0
0.995387626061959,0.8285285110665352,-0.49432704599949834,0.9747777396747879,0
1.320668598062894,1.6085752158672244,-1.1829000730899335,-1.4234999077923685,0
1.6495026118115188,0.2591297681644806,-0.6412634568320046,1.095644147964475,0
2.267305510899696,0.5886644892595776,-0.9353442891454626,0.8181934259337259,0
-0.5271262932402884,1.2990957307766775,-0.1489530990087959,-2.029793673095945,0
1.1279516136682386,-0.9348706045402874,0.3057396886577495,0.20876090246192433,0
0.9753840010224694,-0.8785969719885381,0.2934670603994623,0.45554091967600613,0
1.1301900299692826,-0.05000979767175216,-0.03567512232420606,1.48774673086233,0
0.32428910075844575,0.2478784408466739,0.6568616632338304,0.9346956041160508,0
0.17721093761285628,0.6969967556095774,0.08591865783935122,0.39604013983268,0
0.8281814814157109,0.8672113222075141,-0.594345499460398,0.5902052701231093,0
-0.2933503584093377,1.1278104185276503,0.15206604404503468,-1.258133852447924,0
-0.11377962848113167,1.228749441096312,-0.5638372710217181,-0.6249087670589605,0
-0.693195464527276,0.028426570261296073,1.3040290151364664,0.9854291736438103,0
1.5040055522436508,-0.8743819732350395,0.4588124136193993,1.269147724485799,0
1.2753317853623813,-0.2589156733920257,-0.1418252674553952,1.1263536028819845,0
0.8983540559325702,0.86369315792536,-0.4101636264090034,0.8989922299524921,0
1.2451309305070244,-0.9394425185108162,0.31861323656710155,0.5632724969089409,0
2.006903081211563,0.2060173846778553,-0.6543450153898022,1.258491446754171,0
1.5506214599733315,0.08116504256817549,-0.4085781230219629,1.3061056331641268,0
0.8156392440463685,0.9597033513064629,-0.33114639026105125,-0.6718932643302291,0
1.4035255316190034,-0.23746166965597224,0.1241463925647881,1.1351208131975512,0
0.02700609772930041,-0.8529330682878008,0.36634012423821843,0.0766133710645274,0
-0.7318170283246563,-0.1607928818453589,1.5388961495257594,0.8482586604247325,0
-0.6030192649709272,1.5509079143727862,0.09858419510025776,-1.5406220875881698,0
-0.6984184358963789,1.5442115050627925,0.29543160541255914,-1.431007739830561,0
1.2102045301272408,1.3662637754292033,-1.3070593179176526,-1.6057706946292587,0
0.6253027976226645,0.7205531599335655,-0.22519824658179705,0.9653856839831393,0
0.8558596766302088,1.2329644398498107,-1.2169675948464596,-1.0627364689507102,0
1.2889754656735075,1.4696672125916441,-1.3120053488918022,-1.7510835727878218,0
0.9390363839436101,-0.7375644733734928,0.16789796562116793,0.7035754714048568,0
-0.27741496617095224,-0.4087367843273699,1.4240511592895462,0.9040055242489624,0
0.046156992749344566,1.264271003172167,-0.5578974113938843,-0.3530768096503426,0
0.5982996803402276,0.584449490506079,-0.7630652476440074,-0.01609624520063557,0
1.3405301014324762,1.309633227660424,-1.486872967351691,-1.9828091758246764,0
0.046586910800814924,1.420072993387173,-0.7387048894816067,-1.573801861434375,0
0.8810862730388012,0.7293400726575928,-0.3735260175294613,0.2695162168200194,0
1.592796065518401,0.6357942938702694,-0.9202981855745681,0.30834866162659263,0
1.0386992049662889,-1.1796464595720881,0.5059383816394512,0.00017879715312338416,0
1.6303161863739977,1.0958070207339494,-0.9545506056852681,0.052782059046523104,0
1.1532848013292616,1.3820870167175385,-1.290418466042009,-1.5613049539127384,0
-0.23083814190049606,1.2688429171426958,-1.203886036288662,-2.7450720970184435,0
-0.09594335890773248,1.0391934689278859,-0.2855976052021019,-1.2812870377011885,0
1.222142750399476,0.7898287039628407,-0.909805203975204,0.07722852891539865,0
-0.6627103663321037,1.682439669829744,-0.36104976995864013,-2.8866068403448835,0
1.3321093924904532,-0.8536299027591454,0.2494843644003652,0.6591048869257313,0
1.2270104175938101,0.9621677659002422,-0.7693980162744607,0.6215221328713217,0
1.322409588519262,-0.8845795508644717,0.494266673032229,1.0806284838880902,0
1.3787253002201338,-1.1283016562078978,0.44633177471266655,0.2738998219778027,0
0.526919071629154,1.0198520633573964,-0.3865960199401231,-0.9367986412132892,0
1.2794888442071777,1.6008420528315717,-1.354994216237215,-1.7423163624722549,0
0.585792973388362,-1.4557288779262454,1.6084179306951147,0.2620035410192217,0
-0.19540720959254057,-0.4287835223505617,1.4452220208424484,0.8645433903037021,0
1.206225123369829,0.7529134729442966,-0.8201063899066302,0.5375923207044991,0
1.2741592815856442,0.15644016143609984,-0.1612326609553646,0.9008716098433428,0
0.6427837630212948,1.3951059241577801,-1.081506438119866,-0.8967407244675787,0
0.8402618233578537,1.623004788212871,-1.1195261621968575,-1.5869768957207517,0
0.8147154531919693,-1.1536256406543206,1.1917494895644152,0.2732749766017209,0
1.1291951782799297,1.1745833079213122,-0.9965456443769966,0.3371642053654357,0
1.2317359631182365,0.7325013217227168,-0.9147512349493536,0.2231662524500432,0
0.41162286691664335,0.7427158953148645,-0.22539470108310672,0.7856239661757867,0
0.9805359115566186,0.6804596838871817,-0.5218537884771255,0.25699024672275134,0
0.15615205917430308,-0.18611516669551026,1.041242229266927,0.34405203579015153,0
0.9460003457690808,1.32334896957201,-1.3308187564289882,-1.3852826208366664,0
1.3179682863346505,-0.9672309175510185,0.3140601145955713,0.545108871515381,0
1.3413828314519214,0.860174993643206,-0.6436440231419924,0.9221696340187828,0
1.0592002558504547,-0.3232759850039146,-0.16202541264888484,0.6948034173266849,0
-0.7738139817823412,0.044589730803945876,1.4462158494961328,1.0067223540566452,0
-0.29904233128913565,0.717731830122756,-0.026175969378526166,-0.009218102301130272,0
-0.022629895485916006,-0.1776664736295258,-0.1727079150612772,0.33841873988020454,0
0.791727273084421,0.6632257776934416,-0.1790545510682935,-0.16765757712001658,0
0.3999333595667462,0.7803449567674687,-0.3899634812155137,-0.6136228001886455,0
-0.9900521025466986,1.9029452901034964,0.42157850754764664,-2.324778815757827,0
-0.174631863885453,-0.5708680710577101,1.6111914060077221,0.9196605649892449,0
1.4625060246306425,-0.7097930702960061,0.26275082131233674,1.336815088081636,0
0.0843415324117591,0.0970052798192266,0.7867527570409379,0.8200728058245765,0
-0.04060828672922276,-1.0555079478964686,0.708933662228032,0.07472430364846608,0
0.03022160051095903,-0.1344168473068329,0.5823938510903253,0.045903916147017804,0
-0.05112173726063475,0.9139842116011758,-0.42046015350705784,-0.01924469089407118,0
0.8877659915244567,0.9611140162118676,-0.5735421233864165,0.12545787317622564,0
0.5584700823486329,0.015764578038084603,0.3774340254886476,0.7611968713573322,0
0.9469951974584337,0.23064453465293375,-0.16083512949389087,0.7637010966242648,0
0.5854021387961161,-0.13793331199271536,0.7041725296080562,1.1513958555513102,0
-0.500482033174368,1.3012032301534266,0.052244045085444515,-1.80179776726516,0
0.5404916911053261,0.8809270641191003,-0.214305422291532,0.8751899805101194,0
0.15368269515965916,0.8598180784261759,-0.1531133119777068,0.4705759588028121,0
1.2832550684597281,-0.7161155684262541,0.17938477587421642,1.053697163802703,0
0.29387506339822717,1.0673217872224026,-0.39313217676016754,-0.5065272089857848,0
0.7917628035018978,0.22255445640025096,-0.26183354423191196,0.8376120702183151,0
0.8646356897470008,-0.9883229072812271,0.4903144707117636,0.39604013983268,0
0.4952259392397673,0.743412729786209,-0.15350853220975333,0.8213273403393455,0
0.7021195602077024,0.8007401120263329,-0.5226465401706457,0.6641133374595964,0
1.1843028557865873,1.3637993608354237,-1.2508271059545402,-1.1572867150058816,0
0.10833877637565115,0.9382544463592242,-0.08183037398484547,0.2926936208863102,0
1.1933986426606713,-0.9559795902332118,0.5869469730618554,1.0154944081348172,0
1.2324110410502975,0.20707113436622995,-0.13311193251495398,0.8470041259099635,0
1.3615641085787955,-0.7491727159083297,0.14631108277137464,1.0111059592144285,0
0.47554208795756986,0.8774088998369463,-0.6422572854856888,-0.2096529989078412,0
1.9056769218199014,0.5531429271837225,-0.86505980226514,0.7662101656538026,0
0.6954398417220469,1.2923993214666836,-1.1234783645173227,-1.0702443009889022,0
0.5906606405826961,0.9941711636939432,-0.4580869685814299,-0.34053146450265337,0
0.2952962800973028,1.2002642075847652,-0.7018638924124735,-0.31611890097201484,0
1.1419505981541336,0.9389512808305687,-0.872178388900832,-0.0004508919855636516,0
1.392972997628367,-0.825841503718943,0.20136456772662906,0.9340659149773638,0
1.0615452634039297,0.7662722996388526,-0.7987044054110108,0.37850087543894145,0
-0.245728939865061,-0.32855153183087404,0.7863598480383185,0.6284099632960376,0
1.0913908140845179,0.8612287433315807,-0.5034379124014132,0.32651277139641305,0
1.1839830820292951,0.9217173746368286,-0.6989055187456924,0.7480460558839823,0
0.17275187021950644,-0.9436575172643147,0.7253665034552302,0.4104454898207988,0
0.7987978261623222,1.539996506309294,-1.1104199182537968,-1.5237173560957238,0
1.271281317770016,-0.6707533439379971,0.22195762192273802,1.1063004256961029,0
1.3333529571021443,-0.17169579192749335,-0.1552904900981035,0.9184108742370812,0
-0.4357385064479776,1.6324885354082428,-0.43471812784328645,-2.860934898536871,0
0.09913995129088413,-0.30744951448266317,0.9628222148029564,-0.10066834028891912,0
0.24860931153266833,-0.9341737700689429,0.9414202303073369,0.24571881114025212,0
1.004163639178751,-1.0361665423259792,0.5047596546315931,0.40919095530602995,0
1.5781220031004453,-0.02645339334776414,-0.3477814201497679,1.348101054951951,0
1.629498986772029,-1.1430711478078586,0.46179389958045214,0.4386313444209547,0
-0.6194698482627276,1.4468076427390006,-1.0302202571309031,-2.2866099664281783,0
0.29067732582530703,0.4546683192088403,-0.6559166514002795,-0.29480634550875895,0
1.0290349314125746,-1.0825825165026106,0.5726866874961997,0.4386313444209547,0
1.222426993739291,1.4060003362585567,-1.2559811475771354,-1.4234999077923685,0
0.7521819184326416,1.2769329953953785,-1.1777460314673385,-0.10313865921761474,0
0.5030071006672064,0.24682469115829922,-0.384615296321036,0.42673021969976843,0
0.7737844122585912,0.6860853475460851,-0.3325326656714695,-0.2096529989078412,0
-0.1600231419052371,1.2811479941488773,-0.4430362425516811,-0.39754255036686276,0
0.4555739933355572,-1.057972362490248,1.5525555154403499,-0.32173766559414585,0
1.2001494219812805,-0.2589156733920257,0.11760561328588934,1.5497468922099835,0
0.5695911030188998,0.04671422614341084,0.15523242836026133,0.5131652258860447,0
0.05199108729905003,0.9639183500599614,-0.062208036148148994,-0.8798359929751324,0
-0.8094865209291396,1.5769287332905537,0.38871282509325045,-1.814343112412849,0
0.1566708032694657,0.8218321017565415,-0.21866208976175255,0.33966843063236823,0
0.03482278957421639,0.7268756580638134,0.04115014383501546,0.33027153117811453,0
1.387394722084495,1.5895907255137653,-1.2920132143467582,-1.5068126246032776,0
0.8090661168131437,1.2452865128187078,-1.1129853829179586,0.08474604847880161,0
1.3555239376077242,1.6215941233074662,-1.2940008716541265,-1.5512783653197977,0
0.5742455877083724,-0.46711791625586846,0.8568754578613585,0.41169518057296245,0
0.5598912990477085,-0.15833186644412262,0.7239797657989265,1.2415867152617246,0
1.3927598151235057,-0.2195258302020728,-0.01764753279225881,1.5322124715788503,0
-0.9579681355650662,1.6616875993538498,0.2508711020566689,-1.0320270140332002,0
-1.0983843454337385,1.4246449073577017,-0.6553388440434865,-2.096201658414408,0
-0.04060828672922276,-1.0555079478964686,0.708933662228032,0.07472430364846608,0
0.1487048836711468,0.15995832571825386,0.6439881153244784,0.8188182713098077,0
1.0518809898502153,1.1847808855507442,-1.0391184904255182,0.27640889100734056,0
1.3491284624618836,-0.7206874823967827,0.023931484602578625,0.9002467644672609,0
1.0732703011713036,1.518190686145025,-1.1351731854188167,-1.4366265044526918,0
-1.1219765426383943,1.648328772659294,0.13977030349247577,-1.365859132789472,0
1.0980705325701734,1.2927562366837138,-1.1870602860588446,-0.04990570818552787,0
-0.1514383179648882,1.1791552218918406,-0.024396322719603156,-1.3677482002055332,0
-1.0983843454337385,1.4246449073577017,-0.6553388440434865,-2.096201658414408,0
0.786184527958026,1.5210120159558345,-1.1123844632668938,-1.4209811512376198,0
0.26207533975640995,1.1267566688392758,-0.8230647635734114,0.11606581748457719,0
0.04516214105999162,-0.30252578408391906,-0.06063640013767156,0.2814173415412057,0
-0.6292051826513956,1.3159727217533874,0.21641067129752345,-1.9984545290397484,0
1.0255529504998393,-0.14320885881967488,0.017598715972125326,0.7442872961022807,0
0.07058415476470699,0.2334488685010275,0.6445659226812717,0.8670476155706346,0
-0.8563511415811585,1.7081035735304813,-0.44125428466333094,-3.2592859351955443,0
1.4083221379783837,-0.31026302615062346,0.1241463925647881,1.101941039351346,0
-0.1994399119761677,-0.5666530723042116,1.508203022732905,0.5400979991002133,0
1.260870905449287,-1.057615447273218,0.5144668182257186,0.5006363495312135,0
1.2555058124102765,1.596966973332388,-1.2553802279260704,-1.550648676181111,0
1.6904336527448969,-0.24273721648293176,-0.3061929706276381,1.1250942246046103,0
-0.5660676307949607,-0.07813811596626892,1.4321635745789225,0.8570258707402991,0
1.1726844092716442,-0.16325559684286672,-0.126180555462863,1.041781507793701,0
1.2860975018578795,0.31083148674570116,-0.1800460684925506,0.7449121414783626,0
0.25727873339702967,1.257948505041919,-0.8299984518549297,0.16304062723063523,0
1.464211484669533,-0.9148323644984534,0.31523884160342935,0.6879155869019691,0
1.5938619780427077,-0.25117911116382996,-0.29965912503702086,0.7167262868782067,0
-1.6803725837052097,1.1503300691259795,0.3778269344912669,0.10979798867333783,0
1.705036654327899,1.575874983602179,-1.353792376935085,-1.4328968072466222,0
-0.9446797594287091,1.7348382228823092,-0.32956227361166707,-3.2173389510337724,0
-0.5623014065424102,0.00978199916215111,1.2503622678375155,0.8933540902799397,0
0.18218874910136865,0.12197234904861944,0.6825856467582629,0.6584751977870443,0
1.1022631218324463,1.2945238168061488,-1.280318393445264,-1.3627106870960364,0
0.14647357345359802,-0.2968986247802967,1.1786679310066175,0.29645238066801166,0
0.6104510831173242,-1.4676940356781125,1.5363306848615974,0.5144178228957715,0
-0.28647522262755937,1.1105765123339102,-0.7917707171294928,-1.060847401534649,0
0.5588964473583558,-0.34121182445781395,0.8473531926214068,1.0750097192659591,0
0.586077216728177,1.11339784214472,-0.34243443478336283,-1.0313973248945134,0
1.4082155467259532,1.5554798283433149,-1.405679477575113,-1.5907065929268214,0
0.5289087750078598,0.7286432381862482,-0.287578328821189,-0.4407489128060087,0
1.952008586209767,0.749735227916457,-0.9464381903958917,0.3766214955480907,0
-1.0441649283640033,1.5962701388610432,0.09957802375394204,-1.1241069411596762,0
0.5212342048328514,1.2094080355258225,-0.8882183211254108,0.1874677220490896,0
0.4233123742665404,0.26018351785285526,0.3168335899081786,0.5958424410431405,0
1.7048590022405143,1.4928667016986021,-1.2993398116308956,-1.5193095321249142,0
1.3260692215193817,1.4457368970879103,-1.2387393760504266,-1.5318548772726033,0
0.17275187021950644,-0.9436575172643147,0.7253665034552302,0.4104454898207988,0
-0.5595300339792127,0.025248325233456388,1.3935429308508662,1.0487080883192592,0
0.20782039226919768,1.3616918614586744,-0.6640521789839278,-0.311081387862518,0
0.8455203251444335,1.5459790851852273,-1.0749656588409673,-1.3733669648276645,0
1.1464629611736985,0.21058929864838405,-0.1509338226278829,0.7023209368900879,0
1.5800761760616742,-0.8690962288304507,0.44277248139482056,1.0818878621654642,0
1.3061721877323227,-0.773442950666378,0.13087207019786076,0.8802032748065899,0
1.196738501903499,1.4260555722631063,-1.2829069704036975,-1.6564848891065973,0
0.02700609772930041,-0.8529330682878008,0.36634012423821843,0.0766133710645274,0
-0.8178716994536859,1.0419978027759795,-0.7323721208511534,-0.33680176729658357,0
-1.0271103279750957,1.8473854879858076,-0.17767012464141704,-3.15722785710218,0
0.7699115967536099,1.0627498732518739,-0.40224073193265525,-0.29921416947956864,0
-0.06933462925928897,1.0008505770412213,-0.11924917841077196,0.13047116747269605,0
0.9322145437880471,-1.0481147041151304,0.5360537010755119,0.15802733293416482,0
1.7618142614559704,0.22923386974752893,-0.6143376340054422,1.3117728354123106,0
0.6955819633919544,-0.02257831384857993,0.35286565667780145,0.9008716098433428,0
0.8384497720665324,1.2459833472900521,-1.1258589308273108,0.058449261294707074,0
0.3915837114596769,1.154545067879478,-0.250943031171074,-0.5014896958762879,0
1.8757247798868821,0.6927647608933631,-0.9046511623526087,0.4348725846392532,0
1.5639098361096888,1.080340694662644,-1.029804235834012,-0.15952005594313698,0
-0.49839284462672684,-0.28283086248894257,1.0899629455917281,-0.16455756905263383,0
-0.09191420956585306,0.807776440590641,0.11760561328588934,0.13109601284877787,0
1.4773222087185058,0.6579570292515684,-0.8385037761469252,0.6472037622045451,0
0.11872787044589399,0.717731830122756,-0.07173030138810067,0.38288448059672475,0
0.39929381205216213,1.0490341313402876,-0.36085169759673147,-0.4971303095315311,0
0.4896476636958955,-1.398758410903152,1.5131490537070547,0.3509398662148674,0
-1.0317648126645684,1.8653162286508922,-0.13568664209682443,-3.1478309576479266,0
-0.0034079396309180934,0.6431875376516076,0.12215873525741958,0.35783254040218854,0
1.0417903512867783,-0.9943054861571606,0.6615996835595346,1.0718612735725235,0
0.6222471817196519,-0.0640824548003684,-0.08002761503165078,0.9691444437648408,0
1.096222950861375,-0.17661952232623743,0.10313731707178805,1.4921545548331399,0
1.190271965922705,1.0588747937526897,-0.9365461284475923,-0.3530768096503426,0
0.8093148297354819,0.8999115544725595,-0.4836329874399701,0.7561884208234672,0
-0.01701964256631496,0.872140151395073,-0.10300123553774769,0.22630016685566287,0
0.5979799065829355,0.8707294864896683,-0.24420810862029274,-0.5228022513395438,0
1.246907451380869,-0.6985247470154837,0.20217349802613946,0.7875033460666374,0
-0.022629895485916006,-0.1776664736295258,-0.1727079150612772,0.33841873988020454,0
0.8251613959301751,-0.18576335026729487,0.6113073312242561,0.4160836294933511,0
0.7053528281980995,1.2962744009658678,-1.0983321883496835,-0.15075284562757038,0
1.659060294112802,-0.38306438264527465,-0.20242339180643695,1.095644147964475,0
-0.9000535550777343,1.5417640864317288,0.19780527440878304,-1.1027943856964206,0
1.216031518593451,-0.7467083013145502,0.09701255908978028,0.6052374029923522,0
0.3849039929740214,-1.2478852498757045,1.652978434051005,-0.2804203705710612,0
1.0150714773441565,0.9051972988771486,-0.6541370047413566,0.6616091121926639,0
1.4664143705531005,0.9270031190414174,-1.105658785633821,-0.17017633367476492,0
1.1549547309506756,-0.9693384169277677,0.6374473360455797,1.1144379468729824,0
-0.6924848561777381,-0.2863478370537066,1.2396612755897058,0.30834866162659263,0
0.9169364642729841,-0.8655950605110123,0.25008528405143016,0.2883100157285269,0
0.8611537088342656,1.401428422288028,-1.0884401264013843,-0.9524924320544139,0
0.36848894009969785,0.9997968273528466,-0.9919925224054662,0.052782059046523104,0
0.026995438604057353,-0.8529330682878008,0.36634012423821843,0.07660368353931682,0
1.425270147114861,0.12618734780211802,-0.10935711646247266,1.0230070839356147,0
1.2515619360703416,0.36815886898582495,-0.18460150169350806,0.7167262868782067,0
1.0987100800847573,0.8418873377610911,-0.5369045145068744,0.7856239661757867,0
-0.02086048069556685,0.8232427666619464,-0.42481682097727846,0.28016765078904204,0
1.4924226361461845,-0.8715606434242301,0.25265074871559184,0.8213273403393455,0
1.616210610635672,1.0384796384938255,-0.8911998070864636,0.20500214268022285,0
0.8447031255424651,0.9442370252351577,-0.5369045145068744,-0.3561768177177253,0
0.18508447812573528,0.6941754257987679,0.1892999501167874,0.5858211805890655,0
1.6146828026841658,0.9262892886073572,-1.106860624935951,-0.008588413162443236,0
1.325323082752367,0.268273596105538,-0.6769257268932798,0.8463792805338817,0
0.04516214105999162,-0.3025188157392056,-0.06063640013767156,0.2814076540159951,0
0.5584700823486329,-0.22409774417260153,0.7123080571917043,0.40104859036654517,0
0.994108531032791,-0.22866965814313023,-0.02379540306853826,1.1326020566428028,0
-0.838941237017482,1.6884222487056773,0.2405861311057502,-1.0332863923105746,0
0.6619701884588158,0.30274140849301834,-0.2147006425235785,0.756813266199549,0
1.0905025536475956,0.1958198070484233,-0.1032092461861932,0.7511751265269967,0
1.4896512635829868,-0.7505833808137344,0.30770423367084626,1.134491124058864,0
1.2516685273227723,1.4299136557995749,-1.2983459829772115,-1.677167755431166,0
0.12793024857240873,0.18562222941899123,0.6562607435827655,0.8451247460191127,0
0.5378269097945594,-1.167698297782937,1.6428783614542604,-0.13883718961856825,0
-0.6044049512525259,-0.028203977507483307,1.2719491506873088,0.7593174914664815,0
1.1796128406796378,0.17437090210118447,-0.19489802879156254,0.7192305121451393,0
0.2516649274356809,-0.06267178989496364,0.8709277327785688,0.3427975012753826,0
-0.6647711305457633,1.7207655657536929,-0.25153701713385745,-2.835892645867545,0
1.3621325952584256,0.1258304325850879,-0.23549477367985153,0.728627411599393,0
1.297325113780577,-0.8026420146119851,0.19979293171615156,0.919035719613163,0
1.1166174104931104,-0.8244478347762539,0.3015794756888385,0.6722557023990813,0
1.342875108985951,-0.1059265150064713,-0.18083882018607086,1.0192483241539132,0
0.9735719497311481,0.9308612025778858,-0.5953162158198106,-0.7012949033443117,0
-0.2168462634980965,0.7040160882111699,-0.2325248438659346,0.2143990421344766,0
-1.0983843454337385,1.4246449073577017,-0.6553388440434865,-2.096201658414408,0
0.959928269420022,0.6917110112049885,-0.4666015377911342,-0.17017633367476492,0
1.1995809353016504,1.2305000252560312,-1.3607260652166033,-1.3996685957743642,0
1.1242564502506418,0.8672113222075141,-0.6163252913128109,0.6904198121689017,0
-0.04060828672922276,-1.0555079478964686,0.708933662228032,0.07472430364846608,0
0.771190691782778,1.0627498732518739,-1.2088320672628117,-0.07935578482566323,0
0.8478298022804315,0.780684876021783,-0.5176958867376418,0.2695162168200194,0
0.17275187021950644,-0.9436575172643147,0.7253665034552302,0.4104454898207988,0
-0.039929655755414135,0.47893855396688867,0.12770568588263412,0.46180390472464017,0
1.8984642470720923,1.04271163321004,-0.9531638680289644,0.3177455610808464,0
0.15244978967321107,1.2811479941488773,-0.5289839312599534,-0.5108865953305417,0
1.8802016124889704,0.5992189821060397,-0.8700058332392896,0.5902052701231093,0
0.7387514206263768,0.08187887300223573,0.2817722394979682,0.9384543638977524,0
-1.131782937862016,1.639881779189581,0.23919939344944663,-2.148804920307808,0
1.3394641889081695,-0.7752105307888129,0.11721270428326996,0.8802032748065899,0
-0.25634898164890363,1.09334260614017,-1.072007285174186,-0.670633886052855,0
1.2226401762441523,-0.8138933419297917,0.23781265579314292,0.6515873673623284,0
0.42533760806272314,0.30484890786976765,-0.024974130076396324,0.37724634092417253,0
0.607253345544404,-1.3463598578505866,1.5204756509911925,0.38726808575450805,0
1.1578326947663036,0.8904278072771878,-0.7755458865507401,0.491244293839565,0
0.5163310072210405,-0.7259732268013718,0.3015794756888385,0.16742423238841853,0
1.2672663805951274,1.512921937703152,-1.3042858426050452,-1.8994964590137673,0
1.1542796530186146,-0.9710890010874869,0.6562607435827655,1.2084069414155196,0
1.0537285715590137,0.6203109718362483,-0.9307911671739323,0.11794035361282262,0
0.665452169371551,-0.7449577171548311,0.3809933188064935,0.5119126288763179,0
1.31157281118881,0.7416621456264898,-0.909204284324139,0.4586748340816258,0
1.2786361141877325,-1.0445965398329764,0.7493339526150113,1.1044113582800414,0
1.115444906716373,-0.05317104673687613,-0.11152967212401504,1.2321898158074711,0
0.2192967171142334,0.11881109998349554,0.2344382608294708,0.4712008041788939,0
-0.7981878481714884,1.721122480970723,0.12511710892420064,-2.0003435964558096,0
-0.8178716994536859,1.0419978027759795,-0.7323721208511534,-0.33680176729658357,0
1.6265499621214472,1.0743581157867106,-1.0529858669885543,-0.2772719248776257,0
1.1133486120852365,0.10966727204243808,0.0892930528030234,0.9083891294067458,0
1.4002922636286064,-1.1276048217365533,0.43029184248808783,0.5394717005953499,0
0.3083714737287986,0.47436663999635986,0.18236626183526916,0.6628588029448275,0
1.2363549173902324,-0.8501117384769914,0.45148581633526175,0.9591226989345052,0
0.5055652907255426,1.0233532316768346,-0.4028347178954387,-0.8817250603911938,0
0.7331020842475512,-0.10135460103594257,0.5594202305842283,0.6146343024466059,0
-1.0097004234114193,1.844207242957968,0.3332664311353767,-2.2502817468885374,0
0.5230817865416497,0.7353226515335262,-0.2929265137156667,-0.42069573562012713,0
0.1718032080728735,1.3047213944355809,-0.5008632028195428,-0.25658905855305697,0
0.2736937862713532,1.1971029585196413,-0.8486038487436701,0.19435555247380548,0
0.5103618970849227,0.1216154338315893,0.2284984012016369,0.736144931162796,0
0.21194192069651704,-1.4764809484021397,1.5680176403081356,-0.0755776499935406,0
1.0358923019856145,1.3676744403346077,-1.2308118591152242,-1.2449588181615476,0
1.9309745790634474,0.7114093319925081,-1.00743153497898,0.2588696266136021,0
1.0830056355599718,1.1584031514159465,-1.048617643371198,0.26701199155308686,0
0.48602356111325257,0.9945280789109734,-0.5739373436184629,-0.6411838094127197,0
1.1154804371338498,-0.9436575172643147,0.447140705012177,0.4931236737304157,0
0.9918701147317468,1.3412967061998105,-1.0890179337581773,-0.7031839707603731,0
1.168456289591894,-0.9584270088642755,0.428327297474991,0.5507457518096559,0
1.2444558525749636,0.8661575725191395,-0.7046373677250808,0.2832967214320564,0
1.560960811459107,1.4035359216647771,-1.3470666993020126,-1.5425111550042314,0
0.3788993524204269,-0.2916232139210389,1.0929213192585094,0.40668673003909733,0
1.8819781333628152,-0.3735687382760019,-0.25985282061282494,1.2203225974245218,0
1.071458249879982,1.5902875599851096,-1.3193319461759399,-1.9133011824388304,0
1.0777826641908688,-0.32433143428856076,0.23702683778790418,1.7401552002237535,0
-0.48345230407769424,1.3993209229112789,-0.07489668570332732,-1.9778201003412323,0
0.794605236900049,0.23450261818940218,-0.2689636870147398,0.836982381079628,0
0.7505475192287044,0.2728455100760667,0.12195072460897399,0.6835319817441857,0
0.49312964460863074,0.7838631210496229,-0.35609888540269347,0.5776783312733202,0
1.4571764620091088,1.100022019487448,-0.9062459106573578,-0.2152717635299722,0
-0.022629895485916006,-0.1776664736295258,-0.1727079150612772,0.33841873988020454,0
1.300522851353497,-1.1152827487676562,0.42633964016762244,0.3152413358139138,0
0.46250242474355097,0.5179782803248978,0.13482427251832618,0.8570258707402991,0
0.989844880935564,1.0170307335465867,-0.43511565930476015,-0.6768823398136733,0
1.351580061267789,-0.046491633389598115,-0.45947370623773354,1.0154944081348172,0
1.6911442610944345,0.29852640973951977,-0.6374961528657129,1.0443002643484494,0
1.350976044170682,-0.09467518768866459,-0.1937100568659958,1.0123604937291975,0
0.4410775830049858,1.1886559650499284,-0.6398767191757009,-0.11757307178136521,0
0.9757037747797614,0.6794059341988071,-0.39055746717829715,0.40794126455386626,0
0.6434943713708327,1.0782331952858948,-0.4052106617465722,-1.030137946617139,0
1.1854042987283708,-0.8610231465404836,0.2645535802655314,0.5858211805890655,0
1.3856892620456043,0.26757676163419347,-0.15450004963401046,0.8683021500854035,0
0.5009108060360699,0.7462340595970186,-0.1125235007776993,-0.43450045904519047,0
0.25308614413475655,0.7894887847085261,0.010665027690607133,0.8908498650130072,0
-0.8654113980377657,1.682439669829744,0.2657323072733895,-1.970263830676987,0
1.073447953258688,-0.9640696684858946,0.5709070408372766,0.728627411599393,0
0.9812109894886795,1.1784583874204964,-1.0187334468778548,0.1749417519518215,0
0.04516214105999162,-0.3025188157392056,-0.06063640013767156,0.2814076540159951,0
-0.9876005037407932,1.734481307665279,0.3649533865819148,-2.0830266241280317,0
-0.7893407742197425,-0.1530563196171631,1.3002617111701749,0.5670307723143818,0
0.16065731611037284,1.0233532316768346,-0.9826782678139601,-0.3837378269417993,0
1.306101126897369,1.558641077408439,-1.247452710990868,-1.4711140942023242,0
0.7537807872191016,1.1689576442624086,-1.0397194100765832,-0.07998547396435038,0
0.6420020938368032,0.30942082184029635,-0.2661902117021326,0.6910446575449835,0
0.25528903001832376,1.4510226414924992,-0.6440369321446119,-1.4028170414677996,0
1.199687526554081,1.558997992625469,-1.2747945551143212,-1.8819620383826339,0
-0.7814530215398727,1.7320168930714994,0.3675188512460765,-1.8187024987576061,0
-0.2024280200859742,1.455951470680058,-1.2056656829475851,-2.409980599984798,0
1.4003633244635603,-0.8205727552770699,0.35543112134196314,1.1708193435985048,0
0.6851360206537486,0.9748297581234538,-0.34401878255568974,-0.289817270025315,0
1.1421993110764717,0.6681546068810004,-0.7442518401068213,0.4386313444209547,0
1.2280763301181168,-0.0035938234951206033,0.022336736297829413,1.022382238559533,0
0.748095920422799,0.746930894068363,-0.6159323823101914,-0.04554632184077104,0
1.1317888987557427,-0.16008924898892807,0.028484606574108864,0.9296823098195804,0
0.23279827575545192,-0.18963163138139275,1.0364810966469513,0.27139559671087016,0
0.04516214105999162,-0.3025188157392056,-0.06063640013767156,0.2814076540159951,0
0.5320709821633031,-0.2195258302020728,0.7263603321089145,1.0806284838880902,0
1.3244348223154445,1.1840840510793995,-1.046260189355482,0.2645077662861543,0
0.11151874873983288,0.21657187752431747,0.32633274285385844,0.5206812923206661,0
1.085457234365877,0.239431447376961,-0.2953024575668003,0.4737050294458265,0
0.799828208269152,0.8570137445780821,-0.44085906443128436,0.7712186161876677,0
0.49561677383201314,0.7321614024684022,-0.22123679934362298,0.8019086960547562,0
0.051472343203887425,1.5326202584906714,-0.668605300955458,-1.5425111550042314,0
-0.15504291434833625,1.1235954197741518,-0.2303476657455379,-1.2944620719875648,0
0.426048216412261,0.21410746293053806,-0.29490492610532654,0.4824722397613931,0
0.8905373640876543,0.08398637237898501,-0.03666895097789033,0.5357134251899089,0
0.5344159897167778,-1.1096570851087528,1.6230711252633898,-0.3505580530955942,0
1.2434965313030872,0.12688418227346257,0.003939350057534514,0.9910673133163626,0
0.0751391542852444,0.5823419911293296,-0.10103669052465088,0.34969017546270376,0
0.9415235131669925,-0.7941950211422721,0.16611831896224485,0.6616091121926639,0
1.237420829914539,0.7265357388094988,-0.8135656106277315,0.5219338893303929,0
-0.04305988553512823,-0.45094115894304604,1.5216774902933223,0.8889704851221565,0
0.7423399927915427,0.9811522562537016,-0.44462174593872156,-0.7288559125683859,0
0.4904293328803871,-1.4497462990503118,1.5907832501657868,0.2914390863715412,0
0.316721121835868,0.7416621456264898,-0.24024897261154587,0.7950208656300404,0
0.20607940181283008,0.8745875700261366,-0.8113930549661893,-0.7601950566245824,0
0.8930955541459904,-1.0790643522204566,1.0174827907555914,0.830719396030994,0
0.02700609772930041,-0.8529330682878008,0.36634012423821843,0.0766133710645274,0
1.6408687203646342,-0.3591476639117134,-0.24440687435102962,1.0374124339237336,0
0.994392774372606,0.7599498015086046,-0.31946173876903683,-0.1470231484215007,0
1.1070952586093037,-0.07603061658951962,-0.04933448823879693,1.3556088869901437,0
0.17493343785258755,1.211872450119602,-0.7367172321742383,-0.2503406047922387,0
-0.174631863885453,-0.3936137767029222,1.4369015949046267,0.7730979960785186,0
0.03705054675001744,1.4650952986211156,-0.704452469370907,-1.4629281353993915,0
-0.6412144637585847,1.5192444358333999,0.0457032658065457,-0.8522749837510584,0
0.9937176964405451,-0.9285481064100396,0.8727073794374918,0.7536793517939292,0
-0.02166702117229227,0.8594781591718615,0.0712654632710761,0.25699024672275134,0
1.8417932311964518,1.4158579946336742,-1.3399481126663204,-1.2938323828488778,0
0.5465673924938745,1.2758792457070038,-1.161498088594314,-0.3530768096503426,0
1.4825096496701318,1.43168123592201,-1.3227063411396118,-1.589447214649447,0
1.3691320875013733,0.9962786630706926,-0.8994971207300136,0.08787996288442128,0
1.4787434254175815,-0.9911442370920367,0.2898846547873446,0.7085839219387219,0
0.7246458448880512,0.8260640964727558,-0.5309646548790404,0.11355674845503931,0
1.383202132822222,-0.9074391207171152,0.5047596546315931,0.9165314943462305,0
2.1743934691976263,1.3704787741827016,-1.367266844495502,-1.0088253911538834,0
0.5295838529399207,-0.298305394686934,0.7653738848395901,0.3891474656453588,0
0.5998985491266876,-0.6450724442745441,0.2433596064183575,0.5238127848449831,0
-0.9613790556428479,1.7612159570171064,-0.2810444832305717,-3.2041639167473956,0
0.23915822048381538,1.171778974073218,-0.5701746621110259,-0.32362673301020717,0
1.2391262899534299,0.016818327726459244,-0.35312826221994836,1.150136477273936,0
-0.7598860581314,-0.11717784232427797,1.6929627031410932,1.0136150282439664,0
1.7946088367871407,-0.035240306071791405,-0.33807776731314226,1.48774673086233,0
1.315303505023884,0.9350931972941001,-0.7903839794731891,0.1367341525213301,0
1.494589991612275,-1.1191578282668404,0.4508848966841968,0.43173867023363355,0
-0.6026994912136351,1.4358962346755082,0.15583334801132628,-2.160672138690757,0
0.4074302776543702,0.09171953541463768,0.4011934639999832,0.6428201570467618,0
0.11759089708663349,1.240714598848179,-0.9044662639984349,-0.1188324500587395,0
0.3126351238260255,0.2619510979752902,-0.29312296821697637,0.4956278989973483,0
1.1861149070779087,-0.7885693574833688,0.17365292689482795,0.47746378922752797,0
1.6658821342683654,-0.3035807234896838,-0.2723311482901305,1.0938035181744665,0
-0.24146173672608642,1.286076823336436,0.14473944676089717,-1.5675534076735567,0
1.09490832541473,-0.17591588946980663,0.043530710145003364,0.865797924818471,0
0.3074121524569226,0.5383734355837617,0.11483213797328205,0.660354577677895,0
0.09316373507127108,-1.2327588430587135,1.5791115415585646,-0.8372108820486208,0
1.0821884359580032,0.8387260886959673,-0.6260324549069363,0.3659749053416733,0
-0.0007964539463666315,0.2028561356127314,0.651314712608616,0.9002467644672609,0
0.11645037068562532,1.2459833472900521,-0.6315562932378791,-0.1726950902295134,0
-0.022615683318925255,-0.1776749716108837,-0.17271715997898587,0.3384138961175993,0
0.04478196559298888,0.9983861624474419,0.016396876669995487,-1.007614450502562,0
1.527704340700737,0.06007305283796688,-0.3160965887230733,1.3549791978514567,0
0.9901646546928561,1.0339077245232968,-1.1646875852038125,-0.0348900441091431,0
1.1773033635436398,-1.2200968508355021,0.5364466100781313,-0.053054153878963374,0
1.6341890018789789,-0.38833822987596267,-0.23113810620963093,1.0893956942036567,0
0.009066789945218255,-0.4059239524979182,1.3590825000917208,0.7305067914902438,0
0.6393373125260364,-1.0023955644098432,0.8618214888355081,0.3590870749169575,0
-0.9421926302053267,-1.8461091455436203,1.7321842665202145,0.4160836294933511,1
-1.2646311688081107,-1.7648684437624782,2.0652786515643484,1.0242616184503834,1
0.10720180301639065,0.3196183994697284,-1.365672096190753,-1.4523202952938166,1
-1.0173394631689507,-0.33980455874495236,-0.18559070788833798,0.7561884208234672,1
-1.628853478363718,0.2900794162698069,-0.4582857343121668,-1.3295309132498312,1
-0.6539698836327885,0.26580918151175864,-0.6695991296091423,-0.41255821444324753,1
-1.4253352470560876,-1.6941822348277984,1.9826984241314667,1.022382238559533,1
-1.505243155961615,-2.4584056983401523,2.6096656308406128,-0.8146873859340436,1
-2.4945165697706853,0.8577105790494267,-0.15014338216378983,-3.095808947267161,1
-2.019581479357086,0.827814680632475,-0.3937261627229509,-2.769484660549082,1
-0.8367738815513918,-1.345306108162212,0.9479610095862357,0.7887578805814063,1
-1.268717166817953,-1.507073681290436,2.284706773380127,0.5131652258860447,1
-1.3497265186652643,-0.23781348608418765,0.26413755896864033,0.3703585104994567,1
-0.7064838406636331,-2.023360040705865,1.8745791115283263,-0.04365725442470972,1
-0.023848588805373376,-0.4382791667198346,-0.16618331438836859,0.9146521144553799,1
-0.01896315640230088,-0.32257235214748375,-0.3551087547160927,0.7236141173029227,1
-1.5849378823622808,-1.7110592258045085,2.530852707374023,-0.1426153244506909,1
-1.4336848951631571,-1.356897354734333,2.0187304909010892,-0.005439967469007734,1
-1.186428719941474,-2.341303515228841,2.4060925428952387,-0.7808779229491511,1
-1.0227045562079613,-1.8703793803016688,1.7305895182154654,0.31148257603221235,1
-1.0323688297616755,0.17154957229037496,-0.49234632238041126,-0.8303327391491154,1
-1.7197402862696047,0.5447129296767254,-0.497694507274889,-2.0967829099270423,1
-0.6711310752741267,-1.7325081307517471,1.6973309267584498,1.0230070839356147,1
-0.8037661237153602,-1.834160983754469,1.7361364688406797,0.49437336448257935,1
-0.8669747364067489,-1.9129372709418317,1.8900181241018403,0.491244293839565,1
-0.1353590275357213,0.19969488654760742,-1.1674379482221482,-0.7414012577160751,1
-0.45855258750988914,0.23416269893508776,-1.0436716123970484,-0.8698094043821917,1
-0.867578753503856,-1.421261065538765,0.7675464405011325,0.3503150208387856,1
-1.2158834360298165,0.10016652888435057,-0.22598868704589012,0.3590870749169575,1
0.3108230725347041,0.024908405979141988,-1.1129853829179586,0.5851943977079417,1
-1.4900716676989827,-2.5857224550436118,3.718477948526729,-0.7914857630547263,1
-0.8476817197167972,-0.23429702139830513,-0.6458165788035349,0.15426857315246334,1
-0.5977962936018242,-1.4100097382209584,0.7651658741911447,0.5375923207044991,1
-2.4700361121291077,1.1921741293320824,-0.29411448564123344,-1.3533137876417827,1
-1.219329886525075,-0.24519993148043961,-0.24361412265750934,0.5870737775987923,1
-0.49839284462672684,-1.4392088021665654,0.8045954482187113,0.7129675270965052,1
-1.2306285592827262,-0.41260676503773935,0.27761202652905737,0.9691444437648408,1
0.16364542422017936,0.2745960942357859,-1.387466989688992,-1.2368212969846684,1
-0.786924705831314,-2.128174142773711,2.0139924705753853,0.06721647161027369,1
-0.01327118352250298,-0.06899428802521153,-0.6828655865211136,0.2826718760559746,1
-0.7822702211418413,0.1673345735368764,-0.9329868351297465,-0.5284210159616749,1
0.4254086688976769,0.4240755863205442,-1.4807482093696833,-0.735782493093944,1
-0.7921476772004169,-1.6776451631054028,1.2899767402192561,-0.033000976693081774,1
-0.6509853285647297,-1.1272479065195231,1.1493615418700673,0.7192305121451393,1
-0.7863562191516836,0.2851505870822481,-0.6283899089226525,-0.5986071361122606,1
-0.37422114162848885,-0.9784822448688251,0.07919298020627855,0.8451247460191127,1
-0.9322085828943205,0.2760067591411907,-0.6309784858810858,-0.735782493093944,1
-1.8392646106618655,-1.3484673572273358,2.284313864377508,0.033407008625381394,1
-0.5232534777353073,-1.3839889193031911,0.9293556126974953,0.9409585891646849,1
-1.048819413053476,-0.33699172691550067,-0.0038032685234941485,1.1382692588909868,1
-1.0784873116466798,-0.4776622115247011,0.55248654230271,0.9303119989582675,1
-0.7652866815878875,-1.110370915542813,1.087767277635914,0.7461666759931316,1
-0.8108722072107383,-1.3692194277032304,0.9582690928314261,0.6484534529567088,1
-1.5538132366525248,-1.3319302855049402,1.9856567977982478,0.06217895850077687,1
-1.4385525623574913,-1.3136426296228254,1.984686081438835,0.1523891932616126,1
-2.657636716407091,1.2811479941488773,-0.309361666172292,-1.6451989222362822,1
0.2891139874563239,0.5299264421140489,-1.5694531947845727,-2.2915990419116223,1
-1.4075345079001653,0.19055105860655006,-0.3119363757541624,-0.031741598415707485,1
-1.0399723391017301,-1.5644010635305596,1.2462020548686046,0.24133036221986354,1
-1.2234869453698711,-1.8545561390133332,1.8656577659394393,0.1999936921463577,1
-0.8317285622696732,0.29781257930545957,-0.7600837616829546,-1.3107371143413236,1
-0.9453903677782468,-0.04895604798337752,-0.5157151631185547,-0.014207177784574355,1
0.020877100714536752,-0.18717061598015647,-0.6202774936332762,0.7474163667452952,1
-0.7347305225577614,-1.376595675521853,0.7287408984189023,0.6359274828594407,1
-0.9822709411192595,0.23978836259399114,-0.5788833745926126,-0.7614544349019567,1
-1.3221904451206739,0.008014419039716225,-0.30599651612632844,-0.6054852790117661,1
-1.3629083035491907,0.27214867560472217,-0.5141319709609414,-1.1529273286611246,1
-0.8607213829308161,0.25068277469476774,-0.6614636020254941,-0.6969355169995549,1
0.20462265469627755,-0.11085534419403012,-0.8792969755365239,0.8413708300000166,1
-1.622990959480031,0.34599613360452597,-0.49868371346971885,-1.4711140942023242,1
-0.25227719580605196,-0.40803315147093905,-0.4448182004400313,0.9854291736438103,1
-0.5789296419215951,-0.5110762742238069,0.17543257355375103,0.9278029299287297,1
-2.3473851109988804,1.1819765517026504,-0.39768529873169783,-1.2067899688318986,1
-0.37588041212465967,-0.3137800007153874,-0.4212529052005782,0.7969002455208911,1
-0.7207670684893432,-0.6647707650620637,0.047090003462849334,0.9904376241776756,1
-0.6683952331284062,-0.5416860030748188,0.14097214279460557,0.7574381115756308,1
-0.07787258857898582,-0.38693266375937263,-0.4410555189325941,1.1357505023362382,1
-0.13407851128985415,0.1251335981137434,-1.0272387711698503,0.252606641564968,1
-1.398190008103743,-2.3673243341466086,2.9732682443234264,0.2551108668319006,1
-0.5170001242593746,-0.33066073080389496,-0.557104659700364,0.555130131969456,1
-0.9457456719530158,-0.511433189440837,0.34533104874521836,0.729881946114162,1
-2.2442758394809434,1.261109754107043,-0.41115283260383334,-2.37302269130647,1
-0.7323144541693328,-0.11260592835374927,-0.42976747441028246,0.2632532317713854,1
-0.5491906824934376,-1.290783059770182,0.7071540155691091,0.8864662598552239,1
-0.24055926412217338,0.2524503548172026,-1.0565451603064007,-0.7921154521934134,1
-1.2740467294394868,-2.513982496420557,3.2756695025747065,0.23318799728037876,1
-1.3248907568489174,0.3878571897733447,-0.4525423291856425,-0.3292454976323383,1
-0.08142918336842259,-0.4164750461518372,-0.14499396300004902,0.6973076425936174,1
0.03406243864021092,0.36358695501529636,-1.460940973178813,-1.5493892979037365,1
0.15861787014719933,0.08645078697276443,-1.0652584952468418,0.49625274437343014,1
-0.7730323125978495,-1.876005043960572,1.4363237875478334,-0.27790161401631286,1
-0.25374815508959525,0.25702226878773127,-1.1696336161779621,-0.942465843461473,1
-0.4728287092521039,0.17894281607171317,-1.0741798408357284,-0.029271279487011977,1
-1.5493719344679135,0.1546725813136649,-0.16539056269484834,0.1749417519518215,1
-0.9468471148947994,-0.33875080905657773,-0.21826686952970603,0.5808103081738978,1
-0.4058574253499124,-0.8722744738582904,0.6047665519453572,1.282322758772175,1
-0.4678970873063114,-0.3039325399178992,-0.39432014868573434,0.8238315656062781,1
0.16046545185599764,0.5130494511373388,-1.4670657311608206,-2.154423684929939,1
-2.0909265576506826,0.9315750330119461,-0.3224339798123809,-3.1102433598309114,1
-1.5103240056608105,-1.6744839140402787,2.0044702053354335,0.8689269954614853,1
-0.993178779284665,-1.1202115779552149,1.1887680036033623,0.5244395677261071,1
-0.060466237057057025,0.5306402725481091,-1.4847004116901485,-2.265297410964922,1
-0.8471842938721208,-1.7743691869205658,1.768216333289837,1.0092265793235775,1
-1.0915269748606988,-0.2677076849048677,0.06729014865633902,1.0248864638264654,1
-1.4656978013098356,0.24962902500639308,-0.5079910343729436,-1.093397486242167,1
-0.8698171698049002,-0.38236074978884393,-0.039627324644671454,1.3549791978514567,1
-0.4697944115995774,-0.6742715082201512,-0.35966349454822194,0.6021059104680351,1
0.0836273710204736,0.4019128509392452,-1.4037149325620162,-1.4523202952938166,1
-1.1120635561623415,-0.31483494012115215,-0.20519686711904425,0.5833155021933514,1
-2.2550770863939187,0.817974018220073,-0.1913341130148622,-2.681812557393416,1
-1.5865367511487412,-1.7096485608991037,2.5540343385285653,-0.17768416571295736,1
0.2797694876599016,0.3632300397982662,-1.4635064378429747,-1.3871716882527276,1
-1.3030040196831527,0.17647840147793378,-0.2731215887542236,0.1367341525213301,1
-0.9276606894572784,-0.27720332927414054,-0.5895843668404223,0.136104463382643,1
-0.9268790202727868,0.21516121261891274,-0.9054600926521191,-0.620500943088151,1
-0.8194705682401459,-0.4424992642621479,0.23880648444682726,0.6008533134583083,1
-0.15803105798856024,-0.27474231387290426,-0.39313217676016754,0.5576355197394139,1
-0.8127197889195367,-1.7680296928276025,1.4272175436047727,0.2306837720134462,1
-1.4192595456675394,0.023854656290767343,-0.30460977847002485,-0.6286384642650303,1
0.3936444756733365,0.34776371372696085,-1.4835216846822905,-1.2619119872800468,1
-1.3345194999851548,-0.2810716103882384,-0.21985006168731935,0.4104454898207988,1
-1.10442451640481,-2.475996519750923,2.5803592417040626,-0.37061123028147575,1
-0.9826262452940284,-1.8840951222132547,1.7862439228217848,0.1667993870123367,1
-0.3350417502767214,0.003102585814873131,-0.8670243472782367,0.2237959415887303,1
-0.34462430387023885,-0.3405081916013831,-0.4531363151484259,0.756813266199549,1
-1.0395815045094845,-1.539790909518197,1.2329355979566334,0.2676368369291687,1
-0.9680587741285032,-0.4439065299750095,0.2805935124901102,0.5751731372538665,1
-1.174419438834285,0.4697947260258313,-0.48204979528235675,-1.5111720109480347,1
-1.1198447175897808,-1.458550207737055,1.3935429308508662,0.8394914501091659,1
-0.9513239474968876,-1.4933579393788496,1.38422867625936,0.850762885691665,1
-1.7485909852608401,0.9544346028645897,-0.41986616754427447,-2.7281673655259975,1
0.43930106213114123,0.41668234253920594,-1.3969661426346716,-0.6054852790117661,1
-0.4115955877724303,-1.0537403677740338,0.16632632961069044,0.7950208656300404,1
-1.296359831614974,-0.32257235214748375,-0.12221910822468891,0.5757994357587299,1
-0.1704104949850236,-0.03911538557097561,-0.673343321281162,0.18496349678215704,1
-0.68274952178907,-0.27403868101647344,-0.6163252913128109,0.3183704064569282,1
-0.7825189340641794,-1.3966509115264023,1.6115843150103413,0.7085839219387219,1
-0.4696522899296699,0.25525468866529644,-1.1977381660123827,-1.0420536026261413,1
-0.050695372250912044,-0.2687631341895139,-0.7531500734014364,0.790637260472257,1
0.25614176003776923,0.34915738266964996,-1.4896464426642984,-1.4278592941371255,1
-0.5990043277960384,-0.5902094766281997,-0.4691762473730047,0.45178215989430465,1
-1.3191348292176612,-2.4636914427447416,3.2479347494486337,0.48498130879093093,1
-1.5643657706431615,0.3864465248679399,-0.4305602261038027,-1.333309048081954,1
-0.2815400476400192,0.2443602765645198,-1.1347802764161974,-0.9881909624553674,1
-1.6530852230829576,0.5053162881016862,-0.4612556641260837,-1.9727825872317357,1
-1.4138944526285289,-0.2466071971933012,-0.19588954621581967,0.4104454898207988,1
-0.24297888555234967,-0.6014608039460064,0.1457332754145814,1.1551739903834326,1
-2.3605668958828074,1.1770477225150915,-0.34560303787883956,-1.2399697426781038,1
-1.721552337560926,-2.4970885094811313,3.270723471600557,-0.2603671933851796,1
-1.6029162736055877,0.1258304325850879,-0.16380737053723501,0.018972596061630802,1
-1.4274670721047011,0.3720169525222935,-0.3660006545145869,-0.4733474351395796,1
0.35765216276924616,0.3146895702821696,-1.28507952606524,-0.219679587500782,1
-1.7165070182792077,-1.6115308681412515,2.417787363796733,-0.15075284562757038,1
-1.166318503649554,-1.4251361450379492,2.0755867348095385,0.34969017546270376,1
-0.5592813210568746,0.015407662821054482,-0.6614636020254941,-0.11505431522661685,1
-1.0232730428875916,0.31399273581082504,-0.6751229679400851,-0.8484968489189357,1
0.04222022249290508,-0.12808925038777028,-0.8729642069060708,0.5507457518096559,1
0.05578573588558198,0.03017715442101524,-1.1078313412953633,0.3966649852087618,1
-0.6983473750614251,-1.426546809943354,0.9810347026890776,0.5018908840459824,1
-0.4053813177557221,-0.5986564700979126,-0.4273915305591489,0.49374851910649753,1
-0.7810977173651038,-0.31202142845319186,-0.5228453059013826,0.37411727028115815,1
-1.4295988971533145,-2.4960347597927566,2.6980008195471545,-0.6900573741000494,1
-0.6041207079127107,-0.5487053356764111,0.3160246596086681,0.7699640816728988,1
-1.7484488635909325,-2.5129287467321824,3.600651472329464,-0.9161642125147731,1
-1.6654853387823925,-2.518554410391086,3.6071691393140908,-0.8034014190637284,1
-0.3262195476172094,-1.0375602112686682,0.11224356101484857,0.9177811850983941,1
-0.7397758418394799,0.2724885948590366,-0.7476031227762218,-1.1729320682209536,1
-2.420115875574076,1.0631067884689038,-0.2495562935147704,-1.0063550722251875,1
0.07822319452223848,-0.30604258868905587,-0.3911514531410805,0.6672472518652162,1
-1.0143904385183689,-1.8510379747311791,1.8119910186404888,0.23757644620076732,1
-0.9853976178572259,-1.9899459780067597,1.6111914060077221,-0.35370649878902966,1
-0.8875468481258687,-2.145408048967451,1.8462434387511886,-0.13006997930300163,1
0.6340077499045028,0.39769785218574666,-1.4579594872177601,-0.46893961116877003,1
-1.9144469740429664,0.26264793244663465,-0.10203051917833515,-0.1457637701441264,1
-1.8781704177990608,-1.1469462273070428,2.057166236274972,0.29645238066801166,1
-0.47581681736191045,0.21199996355378878,-1.1813053247851844,-1.11533973084411,1
-0.6548226136522339,-0.6239804545443354,0.23365244282423206,0.8438750552669491,1
-0.5463127186778094,0.09382703479138696,-0.9309991778223778,-0.14639345928281355,1
-0.3802932899752895,-1.3692194277032304,0.7580472875554526,1.0893956942036567,1
-0.7486939766261794,0.2605404330698854,-0.8723863995492774,-0.5228022513395438,1
-0.03556296744750427,-0.27720332927414054,-0.41412276241775026,0.6246560472769415,1
-0.6587664899921688,-1.5063768468190912,0.9570672535292964,0.7054548512957076,1
-1.5394944784093378,-1.6294616088063363,1.9220979885509977,0.7837445862849359,1
-0.5325979775317297,-0.16325559684286672,-0.739883616489465,0.3271424605351001,1
-0.9316400962146901,-1.3941864969326228,1.0469740782463155,0.45303669440907357,1
-0.14868719773965255,0.27952492342334473,-1.3722128754696516,-1.5124313892254089,1
-1.3372908725483523,-0.3028774305525073,0.33682572445322273,0.33590967085066675,1
0.10928743852228412,0.027355824610205675,-1.0664603345489714,0.4542912289238425,1
0.3227257623894625,-0.11823159201265261,-0.8893970481332687,0.7474163667452952,1
-1.361487086850115,-1.6945221540821127,2.040132475396709,1.0292700689842487,1
-1.4237719086871043,-1.7230243835563754,2.516592421808367,-0.06744012881666112,1
0.09287949173145595,-0.26911495061772933,-0.7604766706855739,0.728627411599393,1
-1.0607221029082345,-0.4101440500402315,0.2726659955549077,1.1326020566428028,1
-0.11638756112393546,0.24928910575207872,-1.1405121253955857,-0.8247139745269843,1
-0.8869783614462385,0.3540862118572088,-0.5315586408418238,-0.03426035497045595,1
-0.392103600744608,-0.8465935741948372,0.531893488106601,1.1269832920206717,1
-1.7838016289804388,0.288311836147372,-0.19351129113525894,0.09476779330913715,1
-1.0590877037042974,-1.4810528623726684,1.6874157525158788,1.2942384147811772,1
-0.19033133415179196,-0.23148418956885347,-0.4236288490517117,0.48686068868178173,1
-1.1914385088057158,-2.010001214011309,1.5973240294446855,-0.41255821444324753,1
-0.4470727096231058,-1.2735491535764418,0.6673546448331946,0.7092087673148038,1
-1.0138574822562154,0.33790605535184326,-0.4406602987005475,-0.07373702020353211,1
-0.43279658788089104,-0.6172840452343418,0.20751243800290844,1.101941039351346,1
0.2716330220576936,0.3941796879035925,-1.4486683449205255,-0.7119511810759396,1
-0.9718605287985305,-1.5317008312655143,1.4919550798598809,0.9998345236319294,1
-0.8110143288806458,-1.8429478964784964,1.788231580129153,0.5031454185607513,1
-0.9632976981865998,0.2619510979752902,-0.8691969029397791,-0.6399244311353454,1
-0.30554084464565895,-0.24308903291114717,-0.4254108069400619,0.37912572081502327,1
-2.4754012051681182,1.333546547201442,-0.40640094490156614,-2.819617603513786,1
-0.2335881962132074,-0.41436414758254486,-0.32540344738041244,1.1332317457814898,1
-1.5149429599328064,-2.517143745485681,3.5717379921955335,-0.5629086057113072,1
-1.75807760672717,-1.286211145799653,2.1684519331933387,0.2977020714201753,1
-0.7511455754320848,-0.6535194377442569,0.01838453397736407,0.8983673845764103,1
-1.358253818859718,-2.6391747577845512,3.7957192359828413,-0.43072232421306805,1
-0.6530816231958663,0.09488078447976164,-0.4505616055665555,-0.1682872662587036,1
0.03890168150056347,-0.8866870502412209,0.04630418545761064,1.0868769376489082,1
-0.6583401249824461,-0.6595020166201905,-0.3717440596411111,0.46055421397247653,1
-0.9155448170976587,-0.03172214178963736,-0.3671888575630963,-0.2917063374413763,1
-0.9111745757480011,-0.30780116095125143,0.10274440806916868,1.2090366305542066,1
-0.9697997645848709,-1.2243118495890006,0.993700239949984,0.9810455684860272,1
-0.6516959369142675,-0.5325251791710457,0.18513973714787643,0.5432294916245303,1
-2.160424054235481,1.0828051092564235,-0.31748101514994975,-1.8750838954831284,1
-0.7125950724696585,-0.6742715082201512,0.6366615180403409,0.6891652776541327,1
-0.8097707642689547,-1.446585049985188,0.8214211984485289,0.2870554812137579,1
-2.3106466593277757,1.281504909365907,-0.4485808819474685,-2.531510603751409,1
-0.0905356293677497,-0.17908053772747373,-0.46600755182835085,0.5563828258544349,1
0.40750133848932396,0.07766387424873716,-1.0684248795620683,0.4968824335121172,1
-0.9971226556245998,-0.316241356035878,0.09918511475132266,1.1038301067674072,1
0.3781176832359353,0.03474906839154393,-1.0545806152933037,0.49437336448257935,1
-1.0066803379258835,-0.431598053776285,0.34891345435733606,0.9227944793948646,1
0.22036262963854017,0.3298159770991605,-1.3090469752250211,-0.3849972052191735,1
-1.0715588802386862,-0.46078861974053426,0.2780049355316767,0.4730801840697446,1
0.10449793824639926,0.5264252737946106,-1.456780760209902,-2.1907519044695793,1
-0.3780157902150208,-0.20334737329297886,-0.4368976171931103,0.2319383065282151,1
-0.412924425386066,-1.2696910700399733,0.5374404387318156,1.0493377774579464,1
0.07115619448608493,0.3414242196339972,-1.3817120284153317,-1.4072248654386095,1
-0.5033742091569868,-1.3889007525280341,0.947175191580997,1.053697163802703,1
-0.37165939852840507,-0.005344407654839769,-0.8446516464232047,0.18057504786176845,1
0.10558872206293982,-0.004290657966465126,-1.0864524690940156,0.48310192890008025,1
0.010726060441389058,0.2728455100760667,-1.3892466363479148,-1.4047061088838608,1
-0.16656859094324739,-0.3278478989744433,-0.3739212377615078,1.144517712651805,1
-0.23534339883656583,-0.6728608433147465,-0.36976333602202405,0.8269654800118976,1
0.05578573588558198,-0.12843766762344255,-0.8590968303430343,0.6008533134583083,1
-0.8130395626768286,-0.08517444453057706,-0.28480716473800893,0.034036697764068535,1
-0.4510592224640129,0.20496363498948067,-0.6450307607982961,-0.1557903587370672,1
-1.6537603010150186,-2.4183122222937685,3.1122886943678663,-0.1188324500587395,1
0.2173425441530044,-0.09678268706541387,-0.9581330112973856,0.6071167828832029,1
-0.7638654648888118,0.26405859735203946,-0.8753447732160586,-0.5108865953305417,1
-0.8734768028050199,0.3284053121937557,-0.7957460317442298,-1.3314199806658924,1
-2.104925542136578,1.0922888564517954,-0.28342042708170523,-1.883851105798695,1
-0.8249067221141102,-1.417742901256611,0.7729084927721733,0.5432294916245303,1
-0.8049030970746206,-1.4680339549324266,0.9160891557855237,0.5814366066787612,1
-2.1082298709619285,1.249144596355176,-0.4372928374251569,-2.341102295737639,1
-1.1520708062413205,0.036159733296948694,-0.4456109521335515,-0.4695693003074569,1
-0.11449023683066949,-0.2603229391048873,-0.4570977623866,1.0236367730743017,1
-1.0782385987243417,-0.316241356035878,-0.051923065197230354,1.058104987773513,1
-0.359660776546459,-0.05740304145309042,-0.6771106252474536,0.008946007468690004,1
0.2758256113199667,0.05830547271553195,-1.0862444584455702,0.6158839931987695,1
-1.0030917657607177,-0.5430796720175077,-0.0871693139616145,0.6315438777016573,1
0.05497919540885656,0.2967588296170849,-1.2674679578301837,-0.3105001363498837,1
-0.8584119057948181,0.19160480829492466,-0.8812846328438925,-0.5954586904188252,1
-0.1541417208394524,0.30695640724651696,-1.366273015841818,-1.5825690717499419,1
-0.1829797354716485,0.33754914013481313,-1.3973590516372911,-1.5061829354645906,1
-1.272021495643304,-0.22656045917010936,0.258405709989252,0.5225601878352563,1
-0.36928951968269647,0.12338301395402423,-1.0104130209400328,0.11857004275150976,1
-0.43469391217415704,0.25103968991179787,-1.106259705284886,-0.9480846080836041,1
-0.6708468319343117,0.06605563171390037,-0.45689899665586314,-0.2541187396243613,1
-0.6076382192429229,0.18069340023143235,-0.9084184663189003,-0.35995495254984794,1
-2.041112912348082,0.9579527671467437,-0.340850087011036,-3.0300790887134377,1
-0.9120273057674465,-0.09749651749947412,-0.47610762442509574,0.16053155820109738,1
-1.3685576399280164,0.5274790234829851,-0.525420015483253,-1.8036868346812212,1
-1.0645238575782616,-1.5496315719305989,1.2529277325016774,0.23005892663736435,1
-1.0799795891807091,-1.8872563712783788,1.915950118274718,0.41796300938420183,1
-0.6773133679151058,-0.5652424073988068,0.21523194428966544,0.7950208656300404,1
-0.9058094827089906,-0.09749651749947412,-0.47095820526135485,0.15301888240029968,1
-1.0265773717129425,-0.02152456416020529,-0.5523527719980968,-0.16329819077525964,1
-1.1876012237182114,-0.40100022209917413,0.254245497020341,1.2209522865632088,1
-0.0713740752224625,-0.20088635789174258,-0.7961389407468491,0.7668350110298845,1
-0.43042670903518243,0.28972250105277675,-1.1428926917055737,-1.106572520528543,1
-0.33879020932053333,-0.3383989926283623,-0.343028651869089,0.9234193247709465,1
-1.4032708578029385,-2.434135463582104,3.1562482780726917,0.18934710193994034,1
-0.683424599721131,-2.0870269170389526,1.9444706894060297,0.3102280415174434,1
-0.039169304821408686,0.26439851660635383,-1.3896395453505341,-1.389642007181423,1
-2.0711361151160546,1.2519659261659855,-0.44462174593872156,-2.3129115973748777,1
-0.4341716150372467,0.2798818386403748,-1.153385673304938,-1.1692023710148838,1
-0.6120795214275342,0.06500188202552569,-0.45769174834938336,-0.12319183640349633,1
-2.5207024874511537,0.8562999141440218,-0.18915462366503832,-3.122110578213861,1
-0.28908315527036316,-1.242259586216801,0.7558747318939102,1.303005625096744,1
-1.029988291790724,-1.8348578182258135,1.7004973110736763,0.1323505473635468,1
-0.8783089395818772,0.3554968767626136,-0.49432704599949834,-0.015466556061948534,1
-0.25711288562465684,0.22396512130565577,-1.1302271544446671,-0.8585234375118767,1
-0.4187585199357715,-0.003236908278090483,-0.6929656591178586,-0.0073290348850689494,1
-2.3894175948740424,0.8344940939797529,-0.22618745277662697,-2.842141099628363,1
-0.2657005875288213,0.15256508193691562,-0.9892190470928588,0.23569706630991658,1
-1.976376491705187,0.8316897601316592,-0.35926734982440456,-2.6047482943433247,1
-0.4752483306822802,0.2454140262528945,-0.7687970966233958,-0.8729094124495742,1
-0.8093088688417551,-1.4184567316906713,0.9564894461725031,0.8200728058245765,1
-1.2329025060012473,-0.3088562703166433,-0.18915462366503832,0.5269447617455607,1
-0.28557275002364635,-1.054454198208094,0.1391924961356826,1.0104811138383465,1
-1.1619127318824194,-1.8348578182258135,1.7484322093932387,0.07785821805408574,1
-1.0694625856075495,-1.4680339549324266,1.3953225775097893,0.8964880046855594,1
-0.7651800903354566,-1.7922999275856506,1.4951445764693794,0.3334054455837342,1
-1.2901064781390414,-1.5858499684777985,2.3952066522932554,0.2732749766017209,1
-1.2171270006415076,0.41528867359651683,-0.48403051890144383,-1.3664888219281588,1
-1.977300282559586,-1.201095364519327,2.0524051036549964,0.03965546238619965,1
-0.663278853011734,-0.46641428339943763,0.19741236540616366,0.7449121414783626,1
-0.7638299344713348,0.17683531669496388,-0.8973245650684712,-0.5841727235485101,1
-1.4264722204153482,-2.4214734713588926,3.0932672761822344,0.3258879260203312,1
0.2559996383678616,0.3667482040804202,-1.400340537598344,-1.3195043246568905,1
-0.43360312835761644,-0.2761478799894943,-0.35491068235418394,0.38225963522064293,1
-0.5146551167058997,-0.2838859718543345,-0.40461667578378885,0.7749773759693692,1
-0.20266252084132166,-0.4938423680300667,-0.5675999525291554,0.8338533104366136,1
0.5640483578925048,0.016461412509429126,-1.0438796230454939,0.555130131969456,1
-0.35302014152002814,0.1887834784841151,-0.7287897152390359,-0.6242790779202736,1
-0.3066778180049195,0.1961767222654534,-0.7604766706855739,-0.5152944193013514,1
-0.8917039069706648,-0.26946676704594474,-0.5800852138947424,0.15176434788553075,1
-0.6538632923803579,-1.9417794196704088,1.8399106701207353,0.38476386048757555,1
-1.44473485499847,0.3808208612090365,-0.4305602261038027,-1.3376684344267107,1
-0.8168057869293791,-1.9305110963898864,1.4495902444598048,0.0803624433210183,1
-0.5721078017660322,-0.540275338169414,0.3281123895127815,0.8739402897579559,1
-0.4321819116585408,-1.5640441483135297,1.1527359368337395,0.728627411599393,1
-2.44029715270095,1.321598385412291,-0.34243443478336283,-2.7651252742043253,1
0.16687158612708106,0.2689704305768825,-1.28507952606524,-0.25721874769174397,1
-0.701971477644068,-1.1645200527550972,1.1957016918848806,0.6384317081263732,1
-0.6683241722934524,-0.614836626603278,0.5827867600929445,0.8206976512006584,1
-1.1491573120082157,-1.269334154822943,1.0281606707091295,0.776227066721533,1
-0.6611825583805974,-0.6813078367844593,0.003130419758024045,0.8538968000972846,1
-1.4925587969223648,-1.7075410615223545,2.03359169611781,0.7380243110536467,1
-2.4089237940688557,1.2797373292434724,-0.3444149272795072,-2.732526751870754,1
-1.3607409480831003,-2.5058924181678743,2.669480248415843,-0.7639247538306523,1
-0.8315509101822888,-1.4522107136440914,0.8717135507838073,0.39604013983268,1
0.02296628926217793,-0.21706481480083656,-0.8054300830440836,0.8332284650605318,1
-0.6218148558162023,-0.25539920870614324,-0.1715291880534191,1.4138309135056744,1
-0.06293204802995325,-0.1738049909005142,-0.50462588432698,0.5707885633435623,1
-0.44911215558627926,-0.18752243240837188,-0.46066167816330034,0.2983317605588624,1
-0.09945376415444929,-0.8690962288304507,-0.02994327334481771,1.2109256979702678,1
-0.7165389488095932,-0.11753475754130809,-0.512347701843164,0.14738074272774745,1
-0.611866338922673,-0.707685570919257,0.7093265712306515,0.7843694316610177,1
-1.568060934060758,0.32735156250538106,-0.4864064627525774,-1.3902716963201103,1
-0.4093678305966293,-1.2433133359051756,0.5879408017155398,0.9910673133163626,1
-1.2542562869048586,-1.4261898947263238,2.0884371704246187,0.12169911339452416,1
-1.6313406075871004,0.9122336274414566,-0.36699078520118766,-2.5546637890046737,1
-0.3326718714310128,0.22185762192890648,-0.7719634809386224,-0.8190467722788004,1
-1.4370958152409385,-1.4096528230039282,2.0844849681041535,0.3164910265660774,1
-0.42165069591839044,-0.35422393351296927,-0.44660015832838146,0.6666175627265291,1
-1.1057036114339782,-2.0747048440700557,1.7587171803441572,-0.2854094460545052,1
-1.1442185839789278,-1.2665128250121336,1.0200482554197532,0.736144931162796,1
0.20188681255055696,-0.14496624136448033,-0.8909917964380178,0.7605720259812505,1
-0.4924663709915814,-0.2916232139210389,-0.4036274695889589,0.7067045420478713,1
-0.38247485760837063,-1.1698057971596862,0.7067611065664898,1.2704071027631731,1
-1.3515385699565856,-0.3538738166810254,0.14513235576351655,0.8451247460191127,1
-1.8039829061073127,-2.4654420269044603,3.515875576940768,-1.0044660048091263,1
-0.11562721018992998,-0.2318360059970689,-0.5747300953119833,0.7611968713573322,1
-0.6174446144665448,0.15608324621906972,-0.5420539336706152,-0.43072232421306805,1
0.4582032442288472,0.37378453264472833,-1.4435143032979305,-0.6580885409051658,1
-0.5424754335903051,-0.3514111016835176,-0.05153015619461098,0.7536793517939292,1
0.08467196529429417,0.5260683585775804,-1.5526274445547552,-2.403102457085293,1
-0.6341794410981604,-0.6239804545443354,-0.38362609012620613,0.4956278989973483,1
-1.0622854412772176,0.23028761943590362,-0.5400732100515282,-0.9167939016534603,1
-1.126275723153098,0.36815886898582495,-0.4614544298568206,-1.2080493471092728,1
-0.9598512476913414,-1.8833982877419102,1.8185317979193876,0.1373589978974119,1
-0.4678970873063114,-0.01730956540670672,-0.8553526386710145,0.1755665973279033,1
-1.3053845576541045,-1.524307587484176,2.3433195516532277,0.09539263868521898,1
-0.28125580430020414,-0.3640713943104575,-0.4582857343121668,0.8570258707402991,1
-0.08574612909186483,0.027712739827235794,-1.1064446036390596,0.2544860214558187,1
-0.4643404925168747,0.03053406963804536,-0.8961458380606132,0.025850738961136207,1
-0.35529408823854913,0.2478784408466739,-1.1123844632668938,-0.80088266250898,1
-1.1886671362425183,-1.5995657103893846,2.386886226355433,0.1455013628368967,1
-0.6429199237974755,-0.26700405204843686,-0.1384578061800045,1.3192806674505029,1
-0.5413739906485217,0.07553937890927219,-0.9454443617422074,-0.06434012074927846,1
-1.3463511290049595,-0.38411813233364933,0.2607862762992399,0.8138098207759425,1
-1.498741089563344,0.12934859686724198,-0.15509403559679383,0.40355281563347767,1
-0.29762111459006,-0.3018223211871154,-0.3630300313318418,0.3371642053654357,1
-1.077776703297142,-0.3647750271668883,-0.13172519485865036,0.761821716733414,1
-1.0957906249579257,-1.0488285345491906,1.0350943589906476,0.48623099954309457,1
-0.8915973157182343,-0.11964225691805741,-0.4547195073060392,0.022121041755066413,1
-0.3381257905137155,0.18914039370114524,-0.766231631959234,-0.5415960502480514,1
-0.7786105881417215,-1.287978725922088,1.0089543541693242,1.1407395778196823,1
-1.8936261494015083,0.9006253849066198,-0.3875875373643802,-2.8170988469590377,1
-0.2636611415656478,0.12266918351996399,-1.029804235834012,0.23318799728037876,1
-0.9122760186897846,-1.4704983695262062,0.9463893735757583,0.32526308064424936,1
-0.4900929391041251,-1.1652338831891575,0.7008212469386558,1.2253116729079656,1
-0.8639546509212132,-0.12843766762344255,-0.41372754218570373,0.2143990421344766,1
-1.0581283824324215,-0.429838971635208,0.4289051048317842,0.5545038334645926,1
-1.3871045178509533,0.15890457602987923,-0.31035318359654906,0.058449261294707074,1
-0.3461414526965021,-0.31483494012115215,-0.39808283019317153,1.0586862392861471,1
-0.9743121276044361,-1.1866827881363964,0.9535079602114502,0.9979551437410785,1
-0.06207931801050786,0.549284843647254,-1.5381822606349256,-2.5421184438569844,1
-1.0884713589576862,-1.4634620409618981,1.0891540152922177,0.25198179618888616,1
-0.33196126308147494,0.1852653142019611,-1.1898337613714518,-0.9480846080836041,1
-1.819154394369945,-1.2608871613532302,2.18747335137897,0.3916565346748967,1
-1.4329387563961422,-1.4152784866628316,2.084877877106773,0.4743298748219083,1
-1.1023282217736734,-0.5712249862747403,-0.03230072736053389,0.6334232575925081,1
-0.7501151933252551,-1.514110009854744,1.476516067286367,1.022382238559533,1
-0.7108540820132907,-1.9776409010005782,1.5264155106190265,0.030258562931945888,1
-0.7551960430244504,-1.4560857931432756,1.302457379125989,1.199010041961266,1
-0.748836098296087,-0.5307745950113264,0.11383830931959779,0.8069219903512267,1
-0.10666288586051044,-0.48330487114632026,-0.11568988509292596,0.79000757133357,1
-2.24740251621891,1.0033149916350008,-0.21925607572453595,-0.8585234375118767,1
-1.5764461125853042,0.6931216761103933,-0.22123679934362298,-1.8381259868048005,1
-1.0771016253650811,0.35865812582773754,-0.42481682097727846,-0.06618075053928693,1
-1.9510433040441637,-1.284460561639934,2.2510321606262202,0.36472037082690445,1
-0.07090152067001985,-0.04790229829500288,-0.6757238875911499,0.2701459059587065,1
0.3186397643796201,0.4040203503159944,-1.43440805935487,-0.7050730381764343,1
-0.24549443910971352,0.03087398889235976,-0.9185185389156452,0.16366547260671704,1
0.4041614792464962,-0.15059360461965526,-0.8824864721460224,0.9528597138858712,1
-0.005397643009623976,-0.4597331704558881,-0.5957322371167018,0.7092087673148038,1
0.6220695296322675,0.4750634744677044,-1.4977819702479462,-0.7664435103854007,1
0.028512587430320587,0.32102906437513323,-1.2894477496825965,-0.4106691470271862,1
-1.843919095351338,0.23205519955833848,-0.09925704386572787,-0.07436670934221926,1
-0.11605357519965266,0.33649539044643845,-1.3734147147717817,-1.5650346511188087,1
-0.6701717540022507,0.2612372675412299,-0.8030726290283673,-1.1121912851506743,1
0.10687137013385557,-0.9394425185108162,0.02511021161043669,1.3167619108957545,1
-1.5796793805757015,-2.5924018683908896,3.7378922757149797,-1.0545505101477775,1
-1.0302014742955852,-0.33980455874495236,-0.023194483417473367,0.3315260656928834,1
-1.5863946294788336,-2.4738890203741732,3.262403045662735,0.09038418815135384,1
-0.8949727053785389,-0.0813163609941086,-0.4961090038878485,-0.05867291850109449,1
-0.5970501548348095,-0.585637562657671,0.2342533624752969,0.803788075945607,1
-0.7987563348511185,-1.45642571239759,1.2012486425100952,1.1194754599824792,1
-0.3101420337089163,-0.3232759850039146,-0.33748355022741616,0.4780886346036098,1
0.041179181260832184,-0.3510592852553022,-0.30540253016354507,0.7699640816728988,1
-1.478630873271424,-1.7444732885036143,2.5096587335268485,0.09100903352743567,1
-0.4136350337356038,-1.4469419652022182,1.0022286765362514,0.8557761799881355,1
-1.4708141814265079,-2.622994601279186,3.715311564211502,-0.7144699376306881,1
0.4615431034716748,0.3277084777224112,-1.2751874641169407,-0.27979068143237407,1
-1.2494596805454783,-0.388690046304178,0.20413804303923633,0.9296823098195804,1
-0.6933020557797066,-1.5422553241119763,1.477717906588497,1.1489255366226145,1
